tree.id,Species_Code,X,Y,plot,sample.id,compass,core,core.x,core.y,nodule.num,nodule.spec,nodule.mass..g.,canopy,NCI,Stem_ID,Notes,fixNCI,tr.DAP,tr.height,tr.NCI,tr.fixNCI,tr.nh,tr.RH,nod.size,subplot.ID
1-007-000003,Pteroh,31.2,17.35,LEPS,1.1,10,1,30.11195778,15.67185694,0,NA,0,1,2764.291633,1-007-000003 _ 1,,393.7691984,13.1,13.80106795,3161.913954,162.9158005,14.46986854,0.953779774,NA,LEPS 7
1-007-000003,Pteroh,31.2,17.35,LEPS,1.2,130,2,29.3397881,16.61541734,0,NA,0,1,4087.86018,1-007-000003 _ 2,,463.1942411,13.1,13.80106795,3161.913954,162.9158005,14.46986854,0.953779774,NA,LEPS 7
1-007-000003,Pteroh,31.2,17.35,LEPS,1.3,250,3,29.25894396,17.83197661,0,NA,0,1,4549.367568,1-007-000003 _ 3,,346.9671093,13.1,13.80106795,3161.913954,162.9158005,14.46986854,0.953779774,NA,LEPS 7
1-014-000009(B),Penmac,33.4,29.1,LEPS,2.1,262,1,31.50341658,28.46519977,0,NA,0,5,2754.968944,1-014-000009(B) _ 1,,1859.008875,7.5,10.52795317,25287.88915,24268.44736,14.61952494,0.720129635,NA,LEPS 14
1-014-000009(B),Penmac,33.4,29.1,LEPS,2.2,22,2,33.38229738,27.10007835,0,NA,0,5,2408.075176,1-014-000009(B) _ 2,,1449.791785,7.5,10.52795317,25287.88915,24268.44736,14.61952494,0.720129635,NA,LEPS 14
1-014-000009(B),Penmac,33.4,29.1,LEPS,2.3,142,3,32.22440999,27.48198019,0,NA,0,5,2446.779751,1-014-000009(B) _ 3,,1467.721662,7.5,10.52795317,25287.88915,24268.44736,14.61952494,0.720129635,NA,LEPS 14
1-017-000005,Strmic,35,37.3,LEPS,4.1,309,1,36.80360275,38.16430152,0,NA,0,5,3859.932938,1-017-000005 _ 1,,2465.782922,58.6,28.55792903,2131.985484,1007.32063,12.90833723,2.212363104,NA,LEPS 17
1-017-000005,Strmic,35,37.3,LEPS,4.2,69,2,34.77043037,39.28678076,1,non pmac,0.0053,5,4025.474622,1-017-000005 _ 2,,3068.811241,58.6,28.55792903,2131.985484,1007.32063,12.90833723,2.212363104,0.0053,LEPS 17
1-017-000005,Strmic,35,37.3,LEPS,4.3,189,3,35.96663591,39.05088978,0,NA,0,5,3518.315165,1-017-000005 _ 3,,2425.586363,58.6,28.55792903,2131.985484,1007.32063,12.90833723,2.212363104,NA,LEPS 17
1-017-000007,Pteroh,34.8,39.6,LEPS,3.1,15,1,36.10057568,38.08062417,0,NA,0,0,4659.123153,1-017-000007 _ 1,,3415.389521,5.1,8.730593557,3469.160028,2502.906966,13.19737986,0.661539915,NA,LEPS 17
1-017-000007,Pteroh,34.8,39.6,LEPS,3.2,135,2,34.97673737,37.60782433,0,NA,0,0,13341.49636,1-017-000007 _ 2,,12243.96126,5.1,8.730593557,3469.160028,2502.906966,13.19737986,0.661539915,NA,LEPS 17
1-017-000007,Pteroh,34.8,39.6,LEPS,3.3,255,3,33.78721673,37.87539278,0,NA,0,0,5018.523509,1-017-000007 _ 3,,4107.954999,5.1,8.730593557,3469.160028,2502.906966,13.19737986,0.661539915,NA,LEPS 17
1-022-000009,Penmac,17.35,43.15,LEPS,5.1,280,1,16.57438116,41.30652084,0,NA,0,1,2330.888211,1-022-000009 _ 1,,646.6264846,9.9,12.04676755,2513.034929,525.6274989,13.55448781,0.888765973,NA,LEPS 22
1-022-000009,Penmac,17.35,43.15,LEPS,5.2,40,2,18.84022632,41.81612388,0,NA,0,1,2367.548822,1-022-000009 _ 2,,635.5001739,9.9,12.04676755,2513.034929,525.6274989,13.55448781,0.888765973,NA,LEPS 22
1-022-000009,Penmac,17.35,43.15,LEPS,5.3,160,3,17.78885052,41.19874137,0,NA,0,1,2321.16277,1-022-000009 _ 3,,661.6543275,9.9,12.04676755,2513.034929,525.6274989,13.55448781,0.888765973,NA,LEPS 22
1-023-000014,Pteroh,25.2,43.9,LEPS,6.1,90,1,26.98799333,43.00385277,0,NA,0,0,1847.361239,1-023-000014 _ 1,,679.0007463,5.6,9.136075405,1982.945449,285.6404048,13.75194496,0.664347875,NA,LEPS 23
1-023-000014,Pteroh,25.2,43.9,LEPS,6.2,210,2,26.13543704,42.13224505,0,NA,0,0,1637.34798,1-023-000014 _ 2,,450.5481389,5.6,9.136075405,1982.945449,285.6404048,13.75194496,0.664347875,NA,LEPS 23
1-023-000014,Pteroh,25.2,43.9,LEPS,6.3,330,3,24.93523674,41.91760236,0,NA,0,0,2289.408661,1-023-000014 _ 3,,470.659572,5.6,9.136075405,1982.945449,285.6404048,13.75194496,0.664347875,NA,LEPS 23
1-027-000005,Penmac,33.4,56.8,LEPS,7.1,35,1,32.54363466,54.99261559,0,NA,0,2,2539.485173,1-027-000005 _ 1,,616.2617605,10.8,12.56646419,2662.240286,622.8029053,13.39862813,0.937891855,NA,LEPS 27
1-027-000005,Penmac,33.4,56.8,LEPS,7.2,155,2,31.65337603,55.8256773,0,NA,0,2,2583.446669,1-027-000005 _ 2,,663.7131084,10.8,12.56646419,2662.240286,622.8029053,13.39862813,0.937891855,NA,LEPS 27
1-027-000005,Penmac,33.4,56.8,LEPS,7.3,275,3,31.41222935,57.02083441,0,NA,0,2,2919.36103,1-027-000005 _ 3,,745.0156528,10.8,12.56646419,2662.240286,622.8029053,13.39862813,0.937891855,NA,LEPS 27
1-027-000012,Ingpez,39,55.7,LEPS,8.1,110,1,38.91151464,53.70195837,0,NA,0,4,2470.436745,1-027-000012 _ 1,,872.369849,37.8,23.08360992,1950.575463,171.9870847,13.51675452,1.70777755,NA,LEPS 27
1-027-000012,Ingpez,39,55.7,LEPS,8.2,230,2,37.76787159,54.12460812,0,NA,0,4,2566.21644,1-027-000012 _ 2,,877.6575357,37.8,23.08360992,1950.575463,171.9870847,13.51675452,1.70777755,NA,LEPS 27
1-027-000012,Ingpez,39,55.7,LEPS,8.3,350,3,37.08213435,55.13273344,0,NA,0,4,2704.702599,1-027-000012 _ 3,,895.7113617,37.8,23.08360992,1950.575463,171.9870847,13.51675452,1.70777755,NA,LEPS 27
1-028-000001,Penmac,29.8,57.7,LEPS,9.1,280,1,29.02438116,55.85652084,0,NA,0,2,2576.450169,1-028-000001 _ 1,,704.721852,17,15.6620683,2690.17641,639.8002962,13.38995758,1.169687671,NA,LEPS 28
1-028-000001,Penmac,29.8,57.7,LEPS,9.2,40,2,31.29022632,56.36612388,0,NA,0,2,2688.264137,1-028-000001 _ 2,,707.4933181,17,15.6620683,2690.17641,639.8002962,13.38995758,1.169687671,NA,LEPS 28
1-028-000001,Penmac,29.8,57.7,LEPS,9.3,160,3,30.23885052,55.74874137,0,NA,0,2,2571.754123,1-028-000001 _ 3,,699.1115579,17,15.6620683,2690.17641,639.8002962,13.38995758,1.169687671,NA,LEPS 28
1-028-000011,Pteroh,29.4,52.7,LEPS,10.1,75,1,28.62443673,54.54350254,0,NA,0,1,2547.222862,1-028-000011 _ 1,,479.9142341,13.4,13.95358738,2356.029895,302.7083785,13.70102623,1.018433739,NA,LEPS 28
1-028-000011,Pteroh,29.4,52.7,LEPS,10.2,195,2,29.83890934,54.6512454,0,NA,0,1,2569.418824,1-028-000011 _ 2,,636.3166955,13.4,13.95358738,2356.029895,302.7083785,13.70102623,1.018433739,NA,LEPS 28
1-028-000011,Pteroh,29.4,52.7,LEPS,10.3,315,3,30.89026653,54.0338312,0,NA,0,1,2483.778473,1-028-000011 _ 3,,604.1503185,13.4,13.95358738,2356.029895,302.7083785,13.70102623,1.018433739,NA,LEPS 28
1-029-000004,Ingthi,15,59.9,LEPS,11.1,15,1,16.30057568,58.38062417,0,NA,0,1,3049.386949,1-029-000004 _ 1,,308.1408272,17,15.6620683,2351.463263,160.9704403,14.18518268,1.104114671,NA,LEPS 29
1-029-000004,Ingthi,15,59.9,LEPS,11.2,135,2,15.17673737,57.90782433,0,NA,0,1,3071.716642,1-029-000004 _ 2,,373.6467693,17,15.6620683,2351.463263,160.9704403,14.18518268,1.104114671,NA,LEPS 29
1-029-000004,Ingthi,15,59.9,LEPS,11.3,255,3,13.98721673,58.17539278,0,NA,0,1,2504.292439,1-029-000004 _ 3,,378.4301285,17,15.6620683,2351.463263,160.9704403,14.18518268,1.104114671,NA,LEPS 29
1-039-000021,Penmac,13.5,75.1,LEPS,13.1,200,1,11.75340541,76.07437535,0,NA,0,3,4026.466553,1-039-000021 _ 1,,595.0562314,10,12.10568049,3445.223804,441.183591,13.89464848,0.871247697,NA,LEPS 39
1-039-000021,Penmac,13.5,75.1,LEPS,13.2,320,2,12.64368914,76.90741022,0,NA,0,3,4831.039536,1-039-000021 _ 2,,635.1993807,10,12.10568049,3445.223804,441.183591,13.89464848,0.871247697,NA,LEPS 39
1-039-000021,Penmac,13.5,75.1,LEPS,13.3,80,3,11.51222269,74.87922551,0,NA,0,3,3352.314188,1-039-000021 _ 3,,544.6683144,10,12.10568049,3445.223804,441.183591,13.89464848,0.871247697,NA,LEPS 39
1-042-000002,Penmac,11.4,80.55,LEPS,12.1,243,1,9.619981302,79.63811545,0,NA,0,5,NA,1-042-000002 _ 1,,NA,33.6,21.80089345,4791.597984,618.3392287,13.39778523,1.627201293,NA,LEPS 42
1-042-000002,Penmac,11.4,80.55,LEPS,12.2,3,2,11.68224002,78.57001501,0,NA,0,5,4788.112141,1-042-000002 _ 2,,1069.366985,33.6,21.80089345,4791.597984,618.3392287,13.39778523,1.627201293,NA,LEPS 42
1-042-000002,Penmac,11.4,80.55,LEPS,12.3,123,3,10.48019302,78.77406219,0,NA,0,5,4271.442795,1-042-000002 _ 3,,1109.81,33.6,21.80089345,4791.597984,618.3392287,13.39778523,1.627201293,NA,LEPS 42
1-044-000001,Penmac,31.2,89.5,LEPS,14.1,315,1,32.69026653,90.8338312,0,NA,0,3,2796.42375,1-044-000001 _ 1,,1266.515422,35,22.23718637,2564.464175,559.6364557,13.94931917,1.594141341,NA,LEPS 44
1-044-000001,Penmac,31.2,89.5,LEPS,14.2,75,2,30.42443673,91.34350254,0,NA,0,3,2710.55396,1-044-000001 _ 2,,1161.959727,35,22.23718637,2564.464175,559.6364557,13.94931917,1.594141341,NA,LEPS 44
1-044-000001,Penmac,31.2,89.5,LEPS,14.3,195,3,31.63890934,91.4512454,0,NA,0,3,2703.244368,1-044-000001 _ 3,,1218.170834,35,22.23718637,2564.464175,559.6364557,13.94931917,1.594141341,NA,LEPS 44
1-067-000006,Balele,31.4,134.1,LEPS,15.1,305,1,30.87519212,132.1700838,0,NA,0,3,1635.582543,1-067-000006 _ 1,,1016.235001,19.9,16.90645257,1576.190581,891.4332222,12.88307878,1.312299091,NA,LEPS 67
1-067-000006,Balele,31.4,134.1,LEPS,15.2,65,2,33.05365736,132.9750923,0,NA,0,3,1875.568811,1-067-000006 _ 2,,1349.147774,19.9,16.90645257,1576.190581,891.4332222,12.88307878,1.312299091,NA,LEPS 67
1-067-000006,Balele,31.4,134.1,LEPS,15.3,185,3,32.09324236,132.2239896,0,NA,0,3,1673.718871,1-067-000006 _ 3,,1127.939927,19.9,16.90645257,1576.190581,891.4332222,12.88307878,1.312299091,NA,LEPS 67
1-068-000014,Dusmac,28.3,138.5,LEPS,16.1,150,1,26.87024714,139.8985016,0,NA,0,1,1957.725574,1-068-000014 _ 1,,276.1243211,5.3,8.895138493,3365.923502,634.3269627,13.78872245,0.64510244,NA,LEPS 68
1-068-000014,Dusmac,28.3,138.5,LEPS,16.2,270,2,27.94790811,140.4687639,0,NA,0,1,2090.063133,1-068-000014 _ 2,,248.9270934,5.3,8.895138493,3365.923502,634.3269627,13.78872245,0.64510244,NA,LEPS 68
1-068-000014,Dusmac,28.3,138.5,LEPS,16.3,30,3,26.32393675,138.8085029,0,NA,0,1,1575.373435,1-068-000014 _ 3,,273.3500153,5.3,8.895138493,3365.923502,634.3269627,13.78872245,0.64510244,NA,LEPS 68
1-078-000010,Ingpez,22.64,157.26,LEPS,18.1,185,1,23.33324236,155.3839896,0,NA,0,1,2336.796657,1-078-000010 _ 1,,589.7994126,18.2,16.18929209,1656.980038,469.5357808,12.54451135,1.290547845,NA,LEPS 78
1-078-000010,Ingpez,22.64,157.26,LEPS,18.2,305,2,22.11519212,155.3300838,0,NA,0,1,2087.182982,1-078-000010 _ 2,,612.2489464,18.2,16.18929209,1656.980038,469.5357808,12.54451135,1.290547845,NA,LEPS 78
1-078-000010,Ingpez,22.64,157.26,LEPS,18.3,65,3,24.29365736,156.1350923,0,NA,0,1,4086.900887,1-078-000010 _ 3,,682.4739857,18.2,16.18929209,1656.980038,469.5357808,12.54451135,1.290547845,NA,LEPS 78
1-078-000013,Ingalb,25.74,159.19,LEPS,17.1,355,1,25.73993971,157.19,1,pmac,0.1231,3,1876.546606,1-078-000013 _ 1,,675.9371108,9.7,11.92801583,1460.839222,510.4259799,12.62868884,0.944517359,0.1231,LEPS 78
1-078-000013,Ingalb,25.74,159.19,LEPS,17.2,115,2,27.63087067,158.5383804,0,NA,0,3,1610.296129,1-078-000013 _ 2,,575.0782765,9.7,11.92801583,1460.839222,510.4259799,12.62868884,0.944517359,NA,LEPS 78
1-078-000013,Ingalb,25.74,159.19,LEPS,17.3,235,3,26.90117328,157.5616031,0,NA,0,3,1662.189998,1-078-000013 _ 3,,668.4043114,9.7,11.92801583,1460.839222,510.4259799,12.62868884,0.944517359,NA,LEPS 78
1-092-000022,Penmac,17.6,183.4,LEPS,19.1,105,1,15.65892943,182.9180819,1,pmac,0.0552,3,2350.213833,1-092-000022 _ 1,,51.32591314,7.3,10.39073152,1912.59805,21.4425874,13.29105886,0.781783576,0.0552,LEPS 92
1-092-000022,Penmac,17.6,183.4,LEPS,19.2,225,2,15.73981024,184.1346387,1,pmac (?),0.0794,3,2244.984979,1-092-000022 _ 2,,53.5494671,7.3,10.39073152,1912.59805,21.4425874,13.29105886,0.781783576,0.0794,LEPS 92
1-092-000022,Penmac,17.6,183.4,LEPS,19.3,345,3,16.51200837,185.0781759,0,NA,0,3,5292.895941,1-092-000022 _ 3,,53.17827364,7.3,10.39073152,1912.59805,21.4425874,13.29105886,0.781783576,NA,LEPS 92
1-094-000001,Ingpez,33.23,182.02,LEPS,20.1,180,1,31.62769473,180.8230799,0,NA,0,3,3333.416277,1-094-000001 _ 1,compass bearing not random,1653.124724,52.5,27.07413144,3087.317953,816.8433059,14.6616145,1.846599597,NA,LEPS 94
1-094-000001,Ingpez,33.23,182.02,LEPS,20.2,300,2,31.23048832,181.9758068,0,NA,0,3,3573.532919,1-094-000001 _ 2,compass bearing not random,1924.429881,52.5,27.07413144,3087.317953,816.8433059,14.6616145,1.846599597,NA,LEPS 94
1-094-000001,Ingpez,33.23,182.02,LEPS,20.3,60,3,32.62037876,180.115174,1,non pmac,0.0047,3,3560.579655,1-094-000001 _ 3,compass bearing not random,1681.333159,52.5,27.07413144,3087.317953,816.8433059,14.6616145,1.846599597,0.0047,LEPS 94
3-007-000001,Penmac,39.3,18.6,LSUR,13.1,198,1,39.14084282,16.60634281,0,NA,0,2,2426.557358,3-007-000001 _ 1,,695.6813748,13.2,13.85210559,1887.377995,24.74397398,13.38676436,1.034761293,NA,LSUR 7
3-007-000001,Penmac,39.3,18.6,LSUR,13.2,318,2,38.01287759,17.06921069,0,NA,0,2,2331.588748,3-007-000001 _ 2,,702.6945016,13.2,13.85210559,1887.377995,24.74397398,13.38676436,1.034761293,NA,LSUR 7
3-007-000001,Penmac,39.3,18.6,LSUR,13.3,78,3,40.32795691,16.88439381,0,NA,0,2,NA,3-007-000001 _ 3,,NA,13.2,13.85210559,1887.377995,24.74397398,13.38676436,1.034761293,NA,LSUR 7
3-007-000013,Penmac,32.65,19.8,LSUR,14.1,221,1,34.4218776,20.72760433,0,NA,0,0,2613.329803,3-007-000013 _ 1,,314.2068653,6.2,9.598782105,1791.407336,338.8400428,13.86604409,0.692250944,NA,LSUR 7
3-007-000013,Penmac,32.65,19.8,LSUR,14.2,341,2,34.63120647,19.52646584,0,NA,0,0,1935.929248,3-007-000013 _ 2,,292.1766581,6.2,9.598782105,1791.407336,338.8400428,13.86604409,0.692250944,NA,LSUR 7
3-007-000013,Penmac,32.65,19.8,LSUR,14.3,101,3,33.55405157,21.58400974,0,NA,0,0,2976.662754,3-007-000013 _ 3,,422.0979307,6.2,9.598782105,1791.407336,338.8400428,13.86604409,0.692250944,NA,LSUR 7
3-009-000020,Penmac,15,14.3,LSUR,1.1,330,1,14.73523674,12.31760236,0,NA,0,2,1610.76449,3-009-000020 _ 1,,333.7949957,5.2,8.813273143,2675.02376,360.3678697,13.94493428,0.632005355,NA,LSUR 9
3-009-000020,Penmac,15,14.3,LSUR,1.2,90,2,16.78799333,13.40385277,0,NA,0,2,1648.27121,3-009-000020 _ 2,,334.5398076,5.2,8.813273143,2675.02376,360.3678697,13.94493428,0.632005355,NA,LSUR 9
3-009-000020,Penmac,15,14.3,LSUR,1.3,210,3,15.93543704,12.53224505,0,NA,0,2,1754.643188,3-009-000020 _ 3,,317.5882898,5.2,8.813273143,2675.02376,360.3678697,13.94493428,0.632005355,NA,LSUR 9
3-012-000012,Penmac,12.1,24.3,LSUR,2.1,179,1,12.24144433,22.30500789,0,NA,0,1,1675.782665,3-012-000012 _ 1,,398.0033334,12.8,13.64674028,1529.049589,277.7433063,15.72671048,0.867742832,NA,LSUR 12
3-012-000012,Penmac,12.1,24.3,LSUR,2.2,299,2,11.05684656,22.59359123,0,NA,0,1,1779.473595,3-012-000012 _ 2,,372.0943991,12.8,13.64674028,1529.049589,277.7433063,15.72671048,0.867742832,NA,LSUR 12
3-012-000012,Penmac,12.1,24.3,LSUR,2.3,59,3,13.37347601,22.75783955,0,NA,0,1,1238.100531,3-012-000012 _ 3,,412.9168841,12.8,13.64674028,1529.049589,277.7433063,15.72671048,0.867742832,NA,LSUR 12
3-013-000001,Penmac,20.4,20.4,LSUR,15.1,71,1,22.30210931,19.78195454,0,NA,0,5,1806.098607,3-013-000001 _ 1,,938.9905457,38.5,23.29012638,1076.732173,210.3514313,13.72124939,1.697376509,NA,LSUR 13
3-013-000001,Penmac,20.4,20.4,LSUR,15.2,191,2,21.5898171,18.79241321,1,pmac,0.2213,5,1903.157207,3-013-000001 _ 2,large nodule but is only pink in a few places,918.5462778,38.5,23.29012638,1076.732173,210.3514313,13.72124939,1.697376509,0.2213,LSUR 13
3-013-000001,Penmac,20.4,20.4,LSUR,15.3,311,3,20.43534357,18.40031232,0,NA,0,5,2159.136238,3-013-000001 _ 3,,891.838455,38.5,23.29012638,1076.732173,210.3514313,13.72124939,1.697376509,NA,LSUR 13
3-013-000004,Penmac,23.2,23,LSUR,3.1,192,1,22.49012328,21.13022059,0,NA,0,1,1943.924321,3-013-000004 _ 1,,1084.371549,8.4,11.12331849,1814.337246,875.7621721,13.91641472,0.799294841,NA,LSUR 13
3-013-000004,Penmac,23.2,23,LSUR,3.2,312,2,21.53641705,21.88982354,0,NA,0,1,1839.995869,3-013-000004 _ 2,,1051.94147,8.4,11.12331849,1814.337246,875.7621721,13.91641472,0.799294841,NA,LSUR 13
3-013-000004,Penmac,23.2,23,LSUR,3.3,72,3,23.70764673,21.06549882,0,NA,0,1,1706.513305,3-013-000004 _ 3,,869.3709125,8.4,11.12331849,1814.337246,875.7621721,13.91641472,0.799294841,NA,LSUR 13
3-013-000006,Penmac,26.1,23,LSUR,11.1,236,1,25.35713582,21.14307975,0,NA,0,0,1881.185675,3-013-000006 _ 1,,752.7853056,7.7,10.66330435,1855.187344,804.6003562,14.41799503,0.739583023,NA,LSUR 13
3-013-000006,Penmac,26.1,23,LSUR,11.2,356,2,24.41702546,21.91944612,0,NA,0,0,1701.649838,3-013-000006 _ 2,,855.7164689,7.7,10.66330435,1855.187344,804.6003562,14.41799503,0.739583023,NA,LSUR 13
3-013-000006,Penmac,26.1,23,LSUR,11.3,116,3,26.57332279,21.05681562,0,NA,0,0,1889.188949,3-013-000006 _ 3,,700.624131,7.7,10.66330435,1855.187344,804.6003562,14.41799503,0.739583023,NA,LSUR 13
3-013-000008,Penmac,24.8,25.8,LSUR,4.1,91,1,25.01197502,23.81126508,0,NA,0,4,1643.960068,3-013-000008 _ 1,,950.1497863,21.3,17.47369161,1285.95426,680.6534296,13.12742684,1.331082764,NA,LSUR 13
3-013-000008,Penmac,24.8,25.8,LSUR,4.2,211,2,23.81790429,24.0577348,0,NA,0,4,1635.900393,3-013-000008 _ 2,,963.1763885,21.3,17.47369161,1285.95426,680.6534296,13.12742684,1.331082764,NA,LSUR 13
3-013-000008,Penmac,24.8,25.8,LSUR,4.3,331,3,22.9888177,24.95169658,0,NA,0,4,1542.207127,3-013-000008 _ 3,,920.4656852,21.3,17.47369161,1285.95426,680.6534296,13.12742684,1.331082764,NA,LSUR 13
3-017-000018,Penmac,34.4,33,LSUR,12.1,120,1,35.56122237,34.62836194,0,NA,0,2,1931.259852,3-017-000018 _ 1,crown broken,234.7166025,9.5,11.8079973,2381.506498,255.2636329,13.63012288,0.866316276,NA,LSUR 17
3-017-000018,Penmac,34.4,33,LSUR,12.2,240,2,36.29089031,33.65156261,0,NA,0,2,1766.031351,3-017-000018 _ 2,crown broken,242.5857027,9.5,11.8079973,2381.506498,255.2636329,13.63012288,0.866316276,NA,LSUR 17
3-017-000018,Penmac,34.4,33,LSUR,12.3,360,3,36.31783145,32.43261782,0,NA,0,2,2021.818138,3-017-000018 _ 3,crown broken,264.1912182,9.5,11.8079973,2381.506498,255.2636329,13.63012288,0.866316276,NA,LSUR 17
3-018-000015,Penmac,20.6,30.7,LSUR,16.1,353,1,22.41861994,31.53223885,0,NA,0,0,917.8777715,3-018-000015 _ 1,,406.3071689,11,12.67888949,659.3481665,156.2526888,12.24458924,1.035468748,NA,LSUR 18
3-018-000015,Penmac,20.6,30.7,LSUR,16.2,113,2,20.40563619,32.69053327,0,NA,0,0,729.4626472,3-018-000015 _ 2,,177.2107882,11,12.67888949,659.3481665,156.2526888,12.24458924,1.035468748,NA,LSUR 18
3-018-000015,Penmac,20.6,30.7,LSUR,16.3,233,3,21.59747856,32.43350411,0,NA,0,0,704.3414305,3-018-000015 _ 3,,194.3335952,11,12.67888949,659.3481665,156.2526888,12.24458924,1.035468748,NA,LSUR 18
3-018-000020,Penmac,22.1,37.4,LSUR,17.1,210,1,23.03543704,35.63224505,0,NA,0,1,933.3655904,3-018-000020 _ 1,,118.3826844,8.2,10.99396756,1200.49383,17.62343582,12.99201286,0.84620972,NA,LSUR 18
3-018-000020,Penmac,22.1,37.4,LSUR,17.2,330,2,21.83523674,35.41760236,0,NA,0,1,955.1075393,3-018-000020 _ 2,,75.0043388,8.2,10.99396756,1200.49383,17.62343582,12.99201286,0.84620972,NA,LSUR 18
3-018-000020,Penmac,22.1,37.4,LSUR,17.3,90,3,23.88799333,36.50385277,0,NA,0,1,1117.16238,3-018-000020 _ 3,,68.04288467,8.2,10.99396756,1200.49383,17.62343582,12.99201286,0.84620972,NA,LSUR 18
3-027-000007,Penmac,31.1,51.2,LSUR,10.1,25,1,30.8352965,53.18240562,0,NA,0,4,1723.727416,3-027-000007 _ 1,,378.1250007,27.5,19.78068362,1421.825173,0,13.33608071,1.483245643,NA,LSUR 27
3-027-000007,Penmac,31.1,51.2,LSUR,10.2,145,2,32.03549032,52.96772675,0,NA,0,4,1884.517221,3-027-000007 _ 2,,378.1249999,27.5,19.78068362,1421.825173,0,13.33608071,1.483245643,NA,LSUR 27
3-027-000007,Penmac,31.1,51.2,LSUR,10.3,265,3,32.88802034,52.09609333,0,NA,0,4,1879.227733,3-027-000007 _ 3,,378.1250004,27.5,19.78068362,1421.825173,0,13.33608071,1.483245643,NA,LSUR 27
3-029-000007,Penmac,10.6,57.2,LSUR,6.1,320,1,9.743689144,59.00741022,0,NA,0,5,NA,3-029-000007 _ 1,,NA,18.8,16.44619469,1848.870709,377.1600209,12.6711851,1.297920799,NA,LSUR 29
3-029-000007,Penmac,10.6,57.2,LSUR,6.2,80,2,8.612222692,56.97922551,0,NA,0,5,NA,3-029-000007 _ 2,,NA,18.8,16.44619469,1848.870709,377.1600209,12.6711851,1.297920799,NA,LSUR 29
3-029-000007,Penmac,10.6,57.2,LSUR,6.3,200,3,8.853405406,58.17437535,0,NA,0,5,NA,3-029-000007 _ 3,,NA,18.8,16.44619469,1848.870709,377.1600209,12.6711851,1.297920799,NA,LSUR 29
3-029-000008,Penmac,10.3,54.4,LSUR,5.1,105,1,8.358929433,53.9180819,3,pmac,0.0962,4,NA,3-029-000008 _ 1,,NA,24.8,18.81291325,1529.837086,226.5092722,12.49064507,1.506160262,0.032066667,LSUR 29
3-029-000008,Penmac,10.3,54.4,LSUR,5.2,225,2,8.439810244,55.13463874,0,NA,0,4,NA,3-029-000008 _ 2,,NA,24.8,18.81291325,1529.837086,226.5092722,12.49064507,1.506160262,NA,LSUR 29
3-029-000008,Penmac,10.3,54.4,LSUR,5.3,345,3,9.212008365,56.07817586,0,NA,0,4,NA,3-029-000008 _ 3,,NA,24.8,18.81291325,1529.837086,226.5092722,12.49064507,1.506160262,NA,LSUR 29
3-032-000014,Penmac,17.45,65.8,LSUR,18.1,111,1,15.7208971,64.79491136,0,NA,0,1,2973.409146,3-032-000014 _ 1,,808.8992923,16.8,15.57235632,2166.868707,342.6791826,13.43940914,1.158708404,NA,LSUR 32
3-032-000014,Penmac,17.45,65.8,LSUR,18.2,231,2,15.45863162,65.98561244,0,NA,0,1,2535.462704,3-032-000014 _ 2,,756.4765056,16.8,15.57235632,2166.868707,342.6791826,13.43940914,1.158708404,NA,LSUR 32
3-032-000014,Penmac,17.45,65.8,LSUR,18.3,351,3,15.93643442,67.10733287,0,NA,0,1,2281.843482,3-032-000014 _ 3,,490.959522,16.8,15.57235632,2166.868707,342.6791826,13.43940914,1.158708404,NA,LSUR 32
3-032-000020,Penmac,16.3,63.65,LSUR,9.1,63,1,16.6347114,65.62179316,0,NA,0,1,2577.514881,3-032-000020 _ 1,,756.3810348,7.7,10.66330435,2568.468902,536.0637406,13.2437979,0.805154566,NA,LSUR 32
3-032-000020,Penmac,16.3,63.65,LSUR,9.2,183,2,17.71736082,65.06105929,0,NA,0,1,2399.232615,3-032-000020 _ 2,,704.0984749,7.7,10.66330435,2568.468902,536.0637406,13.2437979,0.805154566,NA,LSUR 32
3-032-000020,Penmac,16.3,63.65,LSUR,9.3,303,3,18.27326501,63.97592208,0,NA,0,1,2157.472163,3-032-000020 _ 3,,469.686329,7.7,10.66330435,2568.468902,536.0637406,13.2437979,0.805154566,NA,LSUR 32
3-032-000021,Penmac,14.5,65.2,LSUR,19.1,36,1,12.51644229,64.94407262,3,pmac,0.2841,4,1867.054714,3-032-000021 _ 1,,448.9557262,24.7,18.77605325,2222.609312,254.8018061,12.90937033,1.454451516,0.0947,LSUR 32
3-032-000021,Penmac,14.5,65.2,LSUR,19.2,156,2,12.73643076,66.14330459,0,NA,0,4,1790.172252,3-032-000021 _ 2,,427.4418792,24.7,18.77605325,2222.609312,254.8018061,12.90937033,1.454451516,NA,LSUR 32
3-032-000021,Penmac,14.5,65.2,LSUR,19.3,276,3,13.61182868,66.99196867,0,NA,0,4,1886.955809,3-032-000021 _ 3,,398.5747668,24.7,18.77605325,2222.609312,254.8018061,12.90937033,1.454451516,NA,LSUR 32
3-033-000001,Penmac,23.6,62.7,LSUR,8.1,104,1,22.95675519,60.80626398,0,NA,0,3,2117.491247,3-033-000001 _ 1,,457.0319277,25.3,18.99607642,1688.449486,135.6579384,13.33365429,1.424671437,NA,LSUR 33
3-033-000001,Penmac,23.6,62.7,LSUR,8.2,224,2,21.97675801,61.5316313,0,NA,0,3,2404.604248,3-033-000001 _ 2,,476.624206,25.3,18.99607642,1688.449486,135.6579384,13.33365429,1.424671437,NA,LSUR 33
3-033-000001,Penmac,23.6,62.7,LSUR,8.3,344,3,21.60001932,62.69120889,0,NA,0,3,2299.286726,3-033-000001 _ 3,,492.697084,25.3,18.99607642,1688.449486,135.6579384,13.33365429,1.424671437,NA,LSUR 33
3-038-000018,Taccos,24.5,76.6,LSUR,20.1,275,1,22.51222935,76.82083441,0,NA,0,0,2244.541115,3-038-000018 _ 1,,25.20500002,7.1,10.25156122,3043.032466,0,13.68426601,0.749149513,NA,LSUR 38
3-038-000018,Taccos,24.5,76.6,LSUR,20.2,35,2,23.64363466,74.79261559,0,NA,0,0,2582.475473,3-038-000018 _ 2,,25.205,7.1,10.25156122,3043.032466,0,13.68426601,0.749149513,NA,LSUR 38
3-038-000018,Taccos,24.5,76.6,LSUR,20.3,155,3,22.75337603,75.6256773,0,NA,0,0,2428.309956,3-038-000018 _ 3,,25.20499995,7.1,10.25156122,3043.032466,0,13.68426601,0.749149513,NA,LSUR 38
3-049-000006,Strmic,15.3,94.8,LSUR,21.1,332,1,13.60759132,95.86571706,0,NA,0,5,2976.152,3-049-000006 _ 1,potentially moribund,2538.555014,65.6,30.16576412,913.3949807,292.7390342,12.98984068,2.322258206,NA,LSUR 49
3-049-000006,Strmic,15.3,94.8,LSUR,21.2,92,2,13.74106786,93.5471111,0,NA,0,5,2937.18946,3-049-000006 _ 2,potentially moribund,2505.166996,65.6,30.16576412,913.3949807,292.7390342,12.98984068,2.322258206,NA,LSUR 49
3-049-000006,Strmic,15.3,94.8,LSUR,21.3,212,3,13.30330581,94.68505514,0,NA,0,5,2984.080366,3-049-000006 _ 3,potentially moribund,2513.692003,65.6,30.16576412,913.3949807,292.7390342,12.98984068,2.322258206,NA,LSUR 49
3-063-000006,Penmac,28.7,28.1,LSUR,7.1,132,1,28.80616717,30.09718014,0,NA,0,4,2029.125773,3-063-000006 _ 1,IN UPPER SUBPLOTS - DON’T USE. USE TREE 21 INSTEAD,629.0322008,12.2,13.33239797,2911.672603,2663.513193,16.75486365,0.795733003,NA,LSUR 63
3-063-000006,Penmac,28.7,28.1,LSUR,7.2,252,2,29.94602442,29.66442422,0,NA,0,4,2181.325747,3-063-000006 _ 2,IN UPPER SUBPLOTS - DON’T USE. USE TREE 21 INSTEAD,721.5309097,12.2,13.33239797,2911.672603,2663.513193,16.75486365,0.795733003,NA,LSUR 63
3-063-000006,Penmac,28.7,28.1,LSUR,7.3,12,3,27.62685416,29.78770792,0,NA,0,4,2808.001804,3-063-000006 _ 3,IN UPPER SUBPLOTS - DON’T USE. USE TREE 21 INSTEAD,651.1759507,12.2,13.33239797,2911.672603,2663.513193,16.75486365,0.795733003,NA,LSUR 63
5-007-000003,Penmac,31.2,13.4,LEPP,2.1,190,1,33.19559856,13.53261372,0,NA,0,5,2502.248608,5-007-000003 _ 1,,1188.869229,48.3,26.00022728,1422.992512,22.26182007,14.05403266,1.850018988,NA,LEPP 7
5-007-000003,Penmac,31.2,13.4,LEPP,2.2,310,2,32.90177538,12.34930472,0,NA,0,5,2309.277957,5-007-000003 _ 2,,1191.323317,48.3,26.00022728,1422.992512,22.26182007,14.05403266,1.850018988,NA,LEPP 7
5-007-000003,Penmac,31.2,13.4,LEPP,2.3,70,3,32.74778136,14.66663841,0,NA,0,5,2780.036897,5-007-000003 _ 3,,1187.963626,48.3,26.00022728,1422.992512,22.26182007,14.05403266,1.850018988,NA,LEPP 7
5-007-000015,Swacos,32.1,19.3,LEPP,1.1,350,1,30.18213435,18.73273344,0,NA,0,0,1710.224766,5-007-000015 _ 1,,445.3885663,5.6,9.136075405,1781.058043,390.883469,14.42300554,0.633437696,NA,LEPP 7
5-007-000015,Swacos,32.1,19.3,LEPP,1.2,110,2,32.01151464,17.30195837,0,NA,0,0,1831.211971,5-007-000015 _ 2,,601.0312851,5.6,9.136075405,1781.058043,390.883469,14.42300554,0.633437696,NA,LEPP 7
5-007-000015,Swacos,32.1,19.3,LEPP,1.3,230,3,30.86787159,17.72460812,0,NA,0,0,1701.875985,5-007-000015 _ 3,,553.541538,5.6,9.136075405,1781.058043,390.883469,14.42300554,0.633437696,NA,LEPP 7
5-012-000001,Penmac,13.8,29.3,LEPP,3.1,180,1,12.19769473,28.10307986,0,NA,0,4,1639.692862,5-012-000001 _ 1,,698.3762455,34.5,22.08241645,1104.714656,23.60261016,12.8618272,1.716895749,NA,LEPP 12
5-012-000001,Penmac,13.8,29.3,LEPP,3.2,300,2,11.80048832,29.25580676,0,NA,0,4,1047.454484,5-012-000001 _ 2,,645.8154081,34.5,22.08241645,1104.714656,23.60261016,12.8618272,1.716895749,NA,LEPP 12
5-012-000001,Penmac,13.8,29.3,LEPP,3.3,60,3,13.19037876,27.39517404,0,NA,0,4,1757.044813,5-012-000001 _ 3,,646.1124927,34.5,22.08241645,1104.714656,23.60261016,12.8618272,1.716895749,NA,LEPP 12
5-012-000010,Penmac,17.1,23.8,LEPP,4.1,340,1,18.40062148,25.31933662,0,NA,0,0,3490.933724,5-012-000010 _ 1,,210.7707597,5.5,9.056518041,3751.945425,214.1572446,13.91712841,0.650746172,NA,LEPP 12
5-012-000010,Penmac,17.1,23.8,LEPP,4.2,100,2,16.08726872,25.52463774,0,NA,0,0,2803.711827,5-012-000010 _ 2,,312.7629042,5.5,9.056518041,3751.945425,214.1572446,13.91712841,0.650746172,NA,LEPP 12
5-012-000010,Penmac,17.1,23.8,LEPP,4.3,220,3,17.27679742,25.79217034,0,NA,0,0,2983.168509,5-012-000010 _ 3,,280.9134125,5.5,9.056518041,3751.945425,214.1572446,13.91712841,0.650746172,NA,LEPP 12
5-032-000006,Penmac,16.1,65.95,LEPP,5.1,35,1,15.24363466,64.14261559,0,NA,0,1,1862.647566,5-032-000006 _ 1,,889.4144552,8.7,11.31440844,1436.723918,560.775055,12.91289555,0.876210018,NA,LEPP 32
5-032-000006,Penmac,16.1,65.95,LEPP,5.2,155,2,14.35337603,64.9756773,0,NA,0,1,1549.938779,5-032-000006 _ 2,,541.2341064,8.7,11.31440844,1436.723918,560.775055,12.91289555,0.876210018,NA,LEPP 32
5-032-000006,Penmac,16.1,65.95,LEPP,5.3,275,3,14.11222935,66.17083441,0,NA,0,1,1529.955511,5-032-000006 _ 3,,514.3922327,8.7,11.31440844,1436.723918,560.775055,12.91289555,0.876210018,NA,LEPP 32
5-032-000009,Ingpez,16.6,69.6,LEPP,6.1,230,1,15.36787159,68.02460812,0,NA,0,4,1587.529232,5-032-000009 _ 1,,631.7133995,24,18.51585384,852.8766499,85.57030624,12.39765744,1.493496165,NA,LEPP 32
5-032-000009,Ingpez,16.6,69.6,LEPP,6.2,350,2,14.68213435,69.03273344,0,NA,0,4,1385.837129,5-032-000009 _ 2,,355.1523665,24,18.51585384,852.8766499,85.57030624,12.39765744,1.493496165,NA,LEPP 32
5-032-000009,Ingpez,16.6,69.6,LEPP,6.3,110,3,16.51151464,67.60195837,0,NA,0,4,1453.497354,5-032-000009 _ 3,,684.2799134,24,18.51585384,852.8766499,85.57030624,12.39765744,1.493496165,NA,LEPP 32
5-033-000005,Swaoch,24.3,63.4,LEPP,7.1,185,1,24.99324236,61.5239896,0,NA,0,0,1131.868224,5-033-000005 _ 1,,552.6192874,7.5,10.52795317,895.8799127,585.9203411,12.10503014,0.869717221,NA,LEPP 33
5-033-000005,Swaoch,24.3,63.4,LEPP,7.2,305,2,23.77519212,61.47008376,1,non pmac,0.0032,0,1361.351608,5-033-000005 _ 2,,756.7571923,7.5,10.52795317,895.8799127,585.9203411,12.10503014,0.869717221,0.0032,LEPP 33
5-033-000005,Swaoch,24.3,63.4,LEPP,7.3,65,3,25.95365736,62.2750923,0,NA,0,0,1086.561698,5-033-000005 _ 3,,517.4255342,7.5,10.52795317,895.8799127,585.9203411,12.10503014,0.869717221,NA,LEPP 33
5-033-000007,Penmac,20.15,67.8,LEPP,8.1,100,1,19.13726872,69.52463774,0,NA,0,3,865.238851,5-033-000007 _ 1,,342.7830642,9.5,11.8079973,1074.631101,515.583975,12.3538328,0.955816506,NA,LEPP 33
5-033-000007,Penmac,20.15,67.8,LEPP,8.2,220,2,20.32679742,69.79217034,0,NA,0,3,743.7218243,5-033-000007 _ 2,,264.4195896,9.5,11.8079973,1074.631101,515.583975,12.3538328,0.955816506,NA,LEPP 33
5-033-000007,Penmac,20.15,67.8,LEPP,8.3,340,3,21.45062148,69.31933662,0,NA,0,3,637.2359062,5-033-000007 _ 3,,224.4712237,9.5,11.8079973,1074.631101,515.583975,12.3538328,0.955816506,NA,LEPP 33
5-044-000006,Penmac,39.5,82.2,LEPP,9.1,150,1,38.07024714,83.59850161,0,NA,0,5,2769.127873,5-044-000006 _ 1,,1459.148579,46.8,25.605104,1778.284383,291.0208586,12.94970344,1.977273389,NA,LEPP 44
5-044-000006,Penmac,39.5,82.2,LEPP,9.2,270,2,39.14790811,84.1687639,0,NA,0,5,2348.796775,5-044-000006 _ 2,,1467.770581,46.8,25.605104,1778.284383,291.0208586,12.94970344,1.977273389,NA,LEPP 44
5-044-000006,Penmac,39.5,82.2,LEPP,9.3,30,3,37.52393675,82.5085029,0,NA,0,5,2877.056898,5-044-000006 _ 3,,1411.676248,46.8,25.605104,1778.284383,291.0208586,12.94970344,1.977273389,NA,LEPP 44
5-044-000013,Penmac,32.7,88.25,LEPP,10.1,49,1,30.79249469,88.85118509,0,NA,0,2,2304.939534,5-044-000013 _ 1,,738.3684172,16.5,15.43675152,2630.423686,965.1150625,14.47743861,1.066262613,NA,LEPP 44
5-044-000013,Penmac,32.7,88.25,LEPP,10.2,169,2,31.49600026,89.84699237,0,NA,0,2,2455.660857,5-044-000013 _ 2,,850.2739664,16.5,15.43675152,2630.423686,965.1150625,14.47743861,1.066262613,NA,LEPP 44
5-044-000013,Penmac,32.7,88.25,LEPP,10.3,289,3,32.64695796,90.24929651,0,NA,0,2,2662.431508,5-044-000013 _ 3,,1003.686286,16.5,15.43675152,2630.423686,965.1150625,14.47743861,1.066262613,NA,LEPP 44
5-047-000001,Penmac,30.75,95.3,LEPP,11.1,280,1,29.97438116,93.45652084,0,NA,0,1,2912.583162,5-047-000001 _ 1,,801.9523483,8.1,10.92868316,4004.647774,994.3291049,15.74830373,0.693959384,NA,LEPP 47
5-047-000001,Penmac,30.75,95.3,LEPP,11.2,40,2,32.24022632,93.96612388,2,"1 pmac, 1 non pmac",0.0207,1,3137.383677,5-047-000001 _ 2,,1362.262467,8.1,10.92868316,4004.647774,994.3291049,15.74830373,0.693959384,0.01035,LEPP 47
5-047-000001,Penmac,30.75,95.3,LEPP,11.3,160,3,31.18885052,93.34874137,1,non pmac,0.0068,1,2796.837879,5-047-000001 _ 3,,985.0025225,8.1,10.92868316,4004.647774,994.3291049,15.74830373,0.693959384,0.0068,LEPP 47
5-048-000001,Swanic,22,90.05,LEPP,12.1,170,1,22.69329891,91.9259895,0,NA,0,1,2239.230451,5-048-000001 _ 1,,647.3685602,8.3,11.05884353,2092.064687,563.61723,14.88237941,0.743083026,NA,LEPP 48
5-048-000001,Swanic,22,90.05,LEPP,12.2,290,2,23.65369127,91.17485785,0,NA,0,1,2188.632636,5-048-000001 _ 2,,589.1595812,8.3,11.05884353,2092.064687,563.61723,14.88237941,0.743083026,NA,LEPP 48
5-048-000001,Swanic,22,90.05,LEPP,12.3,50,3,21.47525029,91.97993206,0,NA,0,1,2257.004581,5-048-000001 _ 3,,754.222977,8.3,11.05884353,2092.064687,563.61723,14.88237941,0.743083026,NA,LEPP 48
5-057-000013,Penmac,31.55,110.75,LEPP,13.1,248,1,31.91950424,108.7844297,0,NA,0,3,1081.013468,5-057-000013 _ 1,,116.5793719,6,9.447215541,1043.902217,91.50025655,13.04849391,0.72400812,NA,LEPP 57
5-057-000013,Penmac,31.55,110.75,LEPP,13.2,8,2,33.52871649,110.4589999,0,NA,0,3,614.3058085,5-057-000013 _ 2,,27.07335141,6,9.447215541,1043.902217,91.50025655,13.04849391,0.72400812,NA,LEPP 57
5-057-000013,Penmac,31.55,110.75,LEPP,13.3,128,3,32.99207542,109.3642084,0,NA,0,3,1017.163948,5-057-000013 _ 3,,104.82353,6,9.447215541,1043.902217,91.50025655,13.04849391,0.72400812,NA,LEPP 57
5-062-000005,Hymmes,15.8,123,LEPP,14.1,330,1,15.53523674,121.0176024,0,NA,0,4,1899.255305,5-062-000005 _ 1,,1028.476905,26,19.24940324,1617.426779,897.451923,14.3656823,1.339957465,NA,LEPP 62
5-062-000005,Hymmes,15.8,123,LEPP,14.2,90,2,17.58799333,122.1038528,0,NA,0,4,1915.215778,5-062-000005 _ 2,,1163.7881,26,19.24940324,1617.426779,897.451923,14.3656823,1.339957465,NA,LEPP 62
5-062-000005,Hymmes,15.8,123,LEPP,14.3,210,3,16.73543704,121.2322451,0,NA,0,4,1894.641528,5-062-000005 _ 3,,1087.044257,26,19.24940324,1617.426779,897.451923,14.3656823,1.339957465,NA,LEPP 62
5-063-000005,Penmac,22.5,122.65,LEPP,16.1,310,1,24.20177538,121.5993047,1,non pmac,0.0066,2,1641.546045,5-063-000005 _ 1,,1290.916945,7.8,10.73030156,1728.407299,1265.548506,13.64242955,0.786538902,0.0066,LEPP 63
5-063-000005,Penmac,22.5,122.65,LEPP,16.2,70,2,24.04778136,123.9166384,0,NA,0,2,2011.970758,5-063-000005 _ 2,,1492.228084,7.8,10.73030156,1728.407299,1265.548506,13.64242955,0.786538902,NA,LEPP 63
5-063-000005,Penmac,22.5,122.65,LEPP,16.3,190,3,24.49559856,122.7826137,0,NA,0,2,3932.753483,5-063-000005 _ 3,,3444.534094,7.8,10.73030156,1728.407299,1265.548506,13.64242955,0.786538902,NA,LEPP 63
5-063-000008,Penmac,23.95,126.75,LEPP,15.1,140,1,25.91047932,126.3543729,0,NA,0,2,1989.41856,5-063-000008 _ 1,,1198.447659,17.5,15.88399991,2100.446161,1463.138463,14.3714837,1.105244263,NA,LEPP 63
5-063-000008,Penmac,23.95,126.75,LEPP,15.2,260,2,25.31647941,125.2896117,0,NA,0,2,1577.924186,5-063-000008 _ 2,,979.5091167,17.5,15.88399991,2100.446161,1463.138463,14.3714837,1.105244263,NA,LEPP 63
5-063-000008,Penmac,23.95,126.75,LEPP,15.3,20,3,25.7758905,127.5661641,0,NA,0,2,2393.691447,5-063-000008 _ 3,,1557.334593,17.5,15.88399991,2100.446161,1463.138463,14.3714837,1.105244263,NA,LEPP 63
5-078-000002,Ingalb,23.6,157.9,LEPP,17.1,235,1,24.76117328,156.2716031,0,NA,0,4,1086.474166,5-078-000002 _ 1,,337.258868,25.5,19.06881962,950.3367533,12.42731045,12.88527733,1.479892061,NA,LEPP 78
5-078-000002,Ingalb,23.6,157.9,LEPP,17.2,355,2,23.59993971,155.9,0,NA,0,4,1052.348514,5-078-000002 _ 2,,339.6251085,25.5,19.06881962,950.3367533,12.42731045,12.88527733,1.479892061,NA,LEPP 78
5-078-000002,Ingalb,23.6,157.9,LEPP,17.3,115,3,25.49087067,157.2483804,0,NA,0,4,1308.181961,5-078-000002 _ 3,,335.7293471,25.5,19.06881962,950.3367533,12.42731045,12.88527733,1.479892061,NA,LEPP 78
5-079-000010,Ingven,17.9,153.4,LEPP,18.1,155,1,16.15337603,152.4256773,0,NA,0,1,1037.034554,5-079-000010 _ 1,,115.4807368,9.5,11.8079973,1132.915797,89.5385997,13.43643007,0.878804655,NA,LEPP 79
5-079-000010,Ingven,17.9,153.4,LEPP,18.2,275,2,15.91222935,153.6208344,0,NA,0,1,1251.020152,5-079-000010 _ 2,,119.0298942,9.5,11.8079973,1132.915797,89.5385997,13.43643007,0.878804655,NA,LEPP 79
5-079-000010,Ingven,17.9,153.4,LEPP,18.3,35,3,17.04363466,151.5926156,0,NA,0,1,871.8035802,5-079-000010 _ 3,,116.5987294,9.5,11.8079973,1132.915797,89.5385997,13.43643007,0.878804655,NA,LEPP 79
5-087-000002,Swacos,30.5,174.7,LEPP,19.1,135,1,30.67673737,172.7078243,0,NA,0,0,4000.110254,5-087-000002 _ 1,,1585.380297,5.7,9.214904995,4296.38169,1584.574141,13.58410769,0.678359242,NA,LEPP 87
5-087-000002,Swacos,30.5,174.7,LEPP,19.2,255,2,29.48721673,172.9753928,0,NA,0,0,3561.04752,5-087-000002 _ 2,,1192.632233,5.7,9.214904995,4296.38169,1584.574141,13.58410769,0.678359242,NA,LEPP 87
5-087-000002,Swacos,30.5,174.7,LEPP,19.3,15,3,31.80057568,173.1806242,0,NA,0,0,5043.23281,5-087-000002 _ 3,,2598.631509,5.7,9.214904995,4296.38169,1584.574141,13.58410769,0.678359242,NA,LEPP 87
5-087-000005,Penmac,33.5,174,LEPP,20.1,70,1,35.04778136,175.2666384,0,NA,0,5,4517.5524,5-087-000005 _ 1,,2462.252135,69.8,31.08827531,2536.304239,28.45563458,13.15090117,2.363965398,NA,LEPP 87
5-087-000005,Penmac,33.5,174,LEPP,20.2,190,2,35.49559856,174.1326137,0,NA,0,5,4689.832313,5-087-000005 _ 2,,2464.180175,69.8,31.08827531,2536.304239,28.45563458,13.15090117,2.363965398,NA,LEPP 87
5-087-000005,Penmac,33.5,174,LEPP,20.3,310,3,35.20177538,172.9493047,0,NA,0,5,5169.294874,5-087-000005 _ 3,,2465.196375,69.8,31.08827531,2536.304239,28.45563458,13.15090117,2.363965398,NA,LEPP 87
6-028-000008,Inglei,29.55,57.65,JE,1.1,270,1,29.19790811,59.6187639,0,NA,0,1,2297.988946,6-028-000008 _ 1,,138.3550813,11,12.67888949,2214.026999,59.35883971,12.96524273,0.977913777,NA,JE 28
6-028-000008,Inglei,29.55,57.65,JE,1.2,30,2,27.57393675,57.9585029,0,NA,0,1,2075.342146,6-028-000008 _ 2,,102.4230699,11,12.67888949,2214.026999,59.35883971,12.96524273,0.977913777,NA,JE 28
6-028-000008,Inglei,29.55,57.65,JE,1.3,150,3,28.12024714,59.04850161,0,NA,0,1,2109.93093,6-028-000008 _ 3,,130.7067357,11,12.67888949,2214.026999,59.35883971,12.96524273,0.977913777,NA,JE 28
6-028-000010,Penmac,21.6,57.85,JE,2.1,40,1,23.09022632,56.51612388,0,NA,0,0,1064.34378,6-028-000010 _ 1,,115.3319995,7.3,10.39073152,1039.32518,118.9256224,13.87352902,0.748960953,NA,JE 28
6-028-000010,Penmac,21.6,57.85,JE,2.2,160,2,22.03885052,55.89874137,0,NA,0,0,1196.068057,6-028-000010 _ 2,,119.4869136,7.3,10.39073152,1039.32518,118.9256224,13.87352902,0.748960953,NA,JE 28
6-028-000010,Penmac,21.6,57.85,JE,2.3,280,3,20.82438116,56.00652084,0,NA,0,0,1252.019774,6-028-000010 _ 3,,198.0818199,7.3,10.39073152,1039.32518,118.9256224,13.87352902,0.748960953,NA,JE 28
6-034-000008,Ingthi,35.1,65.6,JE,3.1,56,1,34.056898,67.30644022,0,NA,0,2,2275.455514,6-034-000008 _ 1,,154.920472,14.9,14.69108332,2683.075345,52.26395369,11.8818261,1.23643312,NA,JE 34
6-034-000008,Ingthi,35.1,65.6,JE,3.2,176,2,35.24150447,67.59498784,0,NA,0,2,2094.002697,6-034-000008 _ 2,,144.4683606,14.9,14.69108332,2683.075345,52.26395369,11.8818261,1.23643312,NA,JE 34
6-034-000008,Ingthi,35.1,65.6,JE,3.3,296,3,36.3735225,67.14212206,0,NA,0,2,2084.227163,6-034-000008 _ 3,,144.3852096,14.9,14.69108332,2683.075345,52.26395369,11.8818261,1.23643312,NA,JE 34
6-037-000014,Penmac,31.15,77.5,JE,4.1,211,1,30.16790429,75.7577348,0,NA,0,1,1211.007481,6-037-000014 _ 1,,194.0681505,8.2,10.99396756,937.9988877,236.6683391,12.06570423,0.911174959,NA,JE 37
6-037-000014,Penmac,31.15,77.5,JE,4.2,331,2,29.3388177,76.65169658,0,NA,0,1,1229.041803,6-037-000014 _ 2,,193.1926053,8.2,10.99396756,937.9988877,236.6683391,12.06570423,0.911174959,NA,JE 37
6-037-000014,Penmac,31.15,77.5,JE,4.3,91,3,31.36197502,75.51126508,0,NA,0,1,1211.198723,6-037-000014 _ 3,,209.5914164,8.2,10.99396756,937.9988877,236.6683391,12.06570423,0.911174959,NA,JE 37
6-038-000015,Penmac,24.6,70.45,JE,5.1,102,1,26.58965358,70.65317141,0,NA,0,1,1333.985192,6-038-000015 _ 1,,103.3245282,8.6,11.25109406,1264.759029,41.41024525,12.66807743,0.888145349,NA,JE 38
6-038-000015,Penmac,24.6,70.45,JE,5.2,222,2,26.33790168,69.46020317,0,NA,0,1,984.62601,6-038-000015 _ 2,,111.5528325,8.6,11.25109406,1264.759029,41.41024525,12.66807743,0.888145349,NA,JE 38
6-038-000015,Penmac,24.6,70.45,JE,5.3,342,3,25.44027936,68.63508111,0,NA,0,1,1052.137535,6-038-000015 _ 3,,87.33489921,8.6,11.25109406,1264.759029,41.41024525,12.66807743,0.888145349,NA,JE 38
6-039-000013,Penmac,11.7,74.3,JE,6.1,220,1,11.87679742,76.29217034,0,NA,0,1,770.5357203,6-039-000013 _ 1,,80.15947885,8.1,10.92868316,825.5959828,18.84530912,12.67006885,0.862559098,NA,JE 39
6-039-000013,Penmac,11.7,74.3,JE,6.2,340,2,13.00062148,75.81933662,0,NA,0,1,884.4311936,6-039-000013 _ 2,,75.42618715,8.1,10.92868316,825.5959828,18.84530912,12.67006885,0.862559098,NA,JE 39
6-039-000013,Penmac,11.7,74.3,JE,6.3,100,3,10.68726872,76.02463774,0,NA,0,1,852.0478489,6-039-000013 _ 3,,79.21360154,8.1,10.92868316,825.5959828,18.84530912,12.67006885,0.862559098,NA,JE 39
6-047-000014,Penmac,31.8,90.25,JE,7.1,5,1,29.88215145,90.81732437,0,NA,0,4,2819.255319,6-047-000014 _ 1,,1107.094748,27.2,19.67564387,2513.270869,665.0491688,13.17130655,1.49382628,NA,JE 47
6-047-000014,Penmac,31.8,90.25,JE,7.2,125,2,30.56791908,91.82542902,0,NA,0,4,3030.791794,6-047-000014 _ 2,,1165.262401,27.2,19.67564387,2513.270869,665.0491688,13.17130655,1.49382628,NA,JE 47
6-047-000014,Penmac,31.8,90.25,JE,7.3,245,3,31.71157487,92.24804429,0,NA,0,4,3420.802195,6-047-000014 _ 3,,1157.712646,27.2,19.67564387,2513.270869,665.0491688,13.17130655,1.49382628,NA,JE 47
6-047-000021,Penmac,35.9,91.8,JE,8.1,36,1,33.91644229,91.54407262,5,non pmac,0.0052,1,2756.359587,6-047-000021 _ 1,,549.7730939,5.4,8.976212763,2783.70199,476.6163486,13.56757801,0.661592862,0.00104,JE 47
6-047-000021,Penmac,35.9,91.8,JE,8.2,156,2,34.13643076,92.74330459,0,NA,0,1,3094.813105,6-047-000021 _ 2,,997.1280054,5.4,8.976212763,2783.70199,476.6163486,13.56757801,0.661592862,NA,JE 47
6-047-000021,Penmac,35.9,91.8,JE,8.3,276,3,35.01182868,93.59196867,20,18 non pmac; 2 pmac,0.0588,1,2525.651439,6-047-000021 _ 3,,640.1104459,5.4,8.976212763,2783.70199,476.6163486,13.56757801,0.661592862,0.00294,JE 47
6-048-000002,Penmac,26.1,98.4,JE,9.1,122,1,27.09742631,96.66646582,0,NA,0,5,4135.117989,6-048-000002 _ 1,,2642.101317,69.4,31.00167036,1340.509225,225.6148347,12.25949767,2.528787981,NA,JE 48
6-048-000002,Penmac,26.1,98.4,JE,9.2,242,2,25.90557618,96.40947259,0,NA,0,5,3934.702312,6-048-000002 _ 2,,2636.146194,69.4,31.00167036,1340.509225,225.6148347,12.25949767,2.528787981,NA,JE 48
6-048-000002,Penmac,26.1,98.4,JE,9.3,2,3,27.91859485,97.56770633,0,NA,0,5,4340.891523,6-048-000002 _ 3,,2737.759923,69.4,31.00167036,1340.509225,225.6148347,12.25949767,2.528787981,NA,JE 48
6-049-000001,Penmac,19.7,99.95,JE,10.1,272,1,21.63671388,99.45086138,0,NA,0,0,2377.80768,6-049-000001 _ 1,,1147.906238,7.2,10.32139505,2161.873079,822.1991019,11.90055252,0.867303853,NA,JE 49
6-049-000001,Penmac,19.7,99.95,JE,10.2,32,2,20.80285336,101.6184467,2,pmac,0.0364,0,2064.449623,6-049-000001 _ 2,,906.2437207,7.2,10.32139505,2161.873079,822.1991019,11.90055252,0.867303853,0.0182,JE 49
6-049-000001,Penmac,19.7,99.95,JE,10.3,152,3,21.56664105,100.6680886,0,NA,0,0,2218.094893,6-049-000001 _ 3,,1055.517524,7.2,10.32139505,2161.873079,822.1991019,11.90055252,0.867303853,NA,JE 49
6-057-000001,Penmac,39.2,118.8,JE,12.1,159,1,41.07903946,118.1150104,0,NA,0,4,NA,6-057-000001 _ 1,,NA,18.5,16.31827937,1812.525048,1501.854236,14.5606749,1.120708997,NA,JE 57
6-057-000001,Penmac,39.2,118.8,JE,12.2,279,2,40.33216558,117.1513032,0,NA,0,4,NA,6-057-000001 _ 2,,NA,18.5,16.31827937,1812.525048,1501.854236,14.5606749,1.120708997,NA,JE 57
6-057-000001,Penmac,39.2,118.8,JE,12.3,39,3,41.12759077,119.3332859,0,NA,0,4,NA,6-057-000001 _ 3,,NA,18.5,16.31827937,1812.525048,1501.854236,14.5606749,1.120708997,NA,JE 57
6-057-000003,Penmac,38.5,116.2,JE,11.1,312,1,36.83641705,115.0898235,1,pmac,0.0528,0,3225.974982,6-057-000003 _ 1,,2951.313614,6,9.447215541,2674.203574,2467.556047,14.38392072,0.656790018,0.0528,JE 57
6-057-000003,Penmac,38.5,116.2,JE,11.2,72,2,39.00764673,114.2654988,0,NA,0,0,1981.682408,6-057-000003 _ 2,,1732.321312,6,9.447215541,2674.203574,2467.556047,14.38392072,0.656790018,NA,JE 57
6-057-000003,Penmac,38.5,116.2,JE,11.3,192,3,37.79012328,114.3302206,0,NA,0,0,2062.341618,6-057-000003 _ 3,,1785.230259,6,9.447215541,2674.203574,2467.556047,14.38392072,0.656790018,NA,JE 57
6-058-000007(A),Penmac,24.3,117.5,JE,13.1,194,1,22.89522734,118.9235919,0,NA,0,4,3313.82088,6-058-000007(A) _ 1,,2533.070584,30.1,20.66737807,4254.258718,3153.371738,15.11508844,1.367334247,NA,JE 58
6-058-000007(A),Penmac,24.3,117.5,JE,13.2,314,2,23.98281419,119.4746881,1,pmac,0.0617,4,3033.115305,6-058-000007(A) _ 2,,2357.97128,30.1,20.66737807,4254.258718,3153.371738,15.11508844,1.367334247,0.0617,JE 58
6-058-000007(A),Penmac,24.3,117.5,JE,13.3,74,3,22.32970748,117.8434347,0,NA,0,4,3232.162987,6-058-000007(A) _ 3,,2362.141189,30.1,20.66737807,4254.258718,3153.371738,15.11508844,1.367334247,NA,JE 58
6-058-000008,Penmac,21.2,117.9,JE,14.1,79,1,20.31177466,116.1080581,0,NA,0,2,2282.597594,6-058-000008 _ 1,,1400.743098,16.8,15.57235632,2648.820645,1793.35421,14.89641951,1.04537579,NA,JE 58
6-058-000008,Penmac,21.2,117.9,JE,14.2,199,2,19.43640233,116.9567486,0,NA,0,2,2271.641541,6-058-000008 _ 2,,1409.737931,16.8,15.57235632,2648.820645,1793.35421,14.89641951,1.04537579,NA,JE 58
6-058-000008,Penmac,21.2,117.9,JE,14.3,319,3,19.21645001,118.1559872,0,NA,0,2,2467.708487,6-058-000008 _ 3,,1632.029407,16.8,15.57235632,2648.820645,1793.35421,14.89641951,1.04537579,NA,JE 58
6-062-000013,Ingpez,13.9,128.9,JE,16.1,185,1,14.59324236,127.0239896,0,NA,0,1,1956.908561,6-062-000013 _ 1,,1079.771379,11.7,13.06431443,1631.075115,635.7216781,14.84798261,0.879871345,NA,JE 62
6-062-000013,Ingpez,13.9,128.9,JE,16.2,305,2,13.37519212,126.9700838,0,NA,0,1,1677.825454,6-062-000013 _ 2,,838.1242025,11.7,13.06431443,1631.075115,635.7216781,14.84798261,0.879871345,NA,JE 62
6-062-000013,Ingpez,13.9,128.9,JE,16.3,65,3,15.55365736,127.7750923,0,NA,0,1,1983.436636,6-062-000013 _ 3,,1069.027647,11.7,13.06431443,1631.075115,635.7216781,14.84798261,0.879871345,NA,JE 62
6-063-000010,Penmac,24,127.35,JE,15.1,75,1,23.22443673,129.1935025,0,NA,0,2,1511.3993,6-063-000010 _ 1,,1156.380359,12.8,13.64674028,1866.363453,1552.006359,14.3423149,0.951501928,NA,JE 63
6-063-000010,Penmac,24,127.35,JE,15.2,195,2,24.43890934,129.3012454,0,NA,0,2,1359.320036,6-063-000010 _ 2,,1064.73192,12.8,13.64674028,1866.363453,1552.006359,14.3423149,0.951501928,NA,JE 63
6-063-000010,Penmac,24,127.35,JE,15.3,315,3,25.49026653,128.6838312,0,NA,0,2,2454.132081,6-063-000010 _ 3,,2269.514508,12.8,13.64674028,1866.363453,1552.006359,14.3423149,0.951501928,NA,JE 63
6-064-000006,Penmac,33.5,122.6,JE,17.1,146,1,35.49293835,122.7679189,0,NA,0,4,1822.444956,6-064-000006 _ 1,,1481.492097,22.6,17.98346788,1423.500694,912.0171497,13.72034878,1.310715067,NA,JE 64
6-064-000006,Penmac,33.5,122.6,JE,17.2,266,2,35.22010805,121.5795941,0,NA,0,4,1733.968265,6-064-000006 _ 2,,1427.686175,22.6,17.98346788,1423.500694,912.0171497,13.72034878,1.310715067,NA,JE 64
6-064-000006,Penmac,33.5,122.6,JE,17.3,26,3,35.0251169,123.8938386,0,NA,0,4,1718.877525,6-064-000006 _ 3,,1368.414132,22.6,17.98346788,1423.500694,912.0171497,13.72034878,1.310715067,NA,JE 64
6-064-000007,Penmac,31.5,121.15,JE,18.1,93,1,29.60343572,121.7848574,0,NA,0,0,1777.666271,6-064-000007 _ 1,,1388.958998,10.8,12.56646419,1756.291731,1423.020205,14.0260059,0.895940318,NA,JE 64
6-064-000007,Penmac,31.5,121.15,JE,18.2,213,2,30.32445876,122.7680553,0,NA,0,0,1584.014495,6-064-000007 _ 2,,1271.984324,10.8,12.56646419,1756.291731,1423.020205,14.0260059,0.895940318,NA,JE 64
6-064-000007,Penmac,31.5,121.15,JE,18.3,333,3,31.48235767,123.1499222,0,NA,0,0,1613.486154,6-064-000007 _ 3,,1329.475261,10.8,12.56646419,1756.291731,1423.020205,14.0260059,0.895940318,NA,JE 64
6-067-000007(B),Penmac,38.6,130.65,JE,19.1,165,1,40.59559456,130.5173261,0,NA,0,4,NA,6-067-000007(B) _ 1,,NA,10,12.10568049,4268.603027,3533.729805,15.24441439,0.794105971,NA,JE 67
6-067-000007(B),Penmac,38.6,130.65,JE,19.2,285,2,40.14774318,129.3833149,0,NA,0,4,NA,6-067-000007(B) _ 2,,NA,10,12.10568049,4268.603027,3533.729805,15.24441439,0.794105971,NA,JE 67
6-067-000007(B),Penmac,38.6,130.65,JE,19.3,45,3,40.30180705,131.700644,0,NA,0,4,NA,6-067-000007(B) _ 3,,NA,10,12.10568049,4268.603027,3533.729805,15.24441439,0.794105971,NA,JE 67
6-073-000004,Ingspe,26.55,146.4,JE,20.1,250,1,24.60894396,146.8819766,0,NA,0,4,2440.085941,6-073-000004 _ 1,,216.3200002,20.8,17.27337295,1740.69522,0,13.19696435,1.30888987,NA,JE 73
6-073-000004,Ingspe,26.55,146.4,JE,20.2,10,2,25.46195778,144.7218569,0,NA,0,4,2475.389375,6-073-000004 _ 2,,216.3199963,20.8,17.27337295,1740.69522,0,13.19696435,1.30888987,NA,JE 73
6-073-000004,Ingspe,26.55,146.4,JE,20.3,130,3,24.6897881,145.6654173,0,NA,0,4,5747.879871,6-073-000004 _ 3,,216.3199985,20.8,17.27337295,1740.69522,0,13.19696435,1.30888987,NA,JE 73
7-018-000007,Penmac,24.4,39.95,BEJ,1.1,200,1,22.65340541,40.92437535,0,NA,0,1,1707.656538,7-018-000007 _ 1,,582.3816759,6.5,9.821489358,1282.551369,477.1567211,13.95730223,0.703681069,NA,BEJ 18
7-018-000007,Penmac,24.4,39.95,BEJ,1.2,320,2,23.54368914,41.75741022,0,NA,0,1,1925.122284,7-018-000007 _ 2,,717.161469,6.5,9.821489358,1282.551369,477.1567211,13.95730223,0.703681069,NA,BEJ 18
7-018-000007,Penmac,24.4,39.95,BEJ,1.3,80,3,22.41222269,39.72922551,0,NA,0,1,1639.084965,7-018-000007 _ 3,,486.9113371,6.5,9.821489358,1282.551369,477.1567211,13.95730223,0.703681069,NA,BEJ 18
7-018-000008,Penmac,29.65,33.3,BEJ,2.1,336,1,29.94969481,31.32258173,0,NA,0,0,1781.16504,7-018-000008 _ 1,,657.314732,5.4,8.976212763,1763.324594,774.2031326,14.4362627,0.62178231,NA,BEJ 18
7-018-000008,Penmac,29.65,33.3,BEJ,2.2,96,2,31.61717549,32.9391391,0,NA,0,0,1587.541578,7-018-000008 _ 2,,617.2900732,5.4,8.976212763,1763.324594,774.2031326,14.4362627,0.62178231,NA,BEJ 18
7-018-000008,Penmac,29.65,33.3,BEJ,2.3,216,3,31.04211698,31.86402983,0,NA,0,0,1758.795912,7-018-000008 _ 3,,667.9586402,5.4,8.976212763,1763.324594,774.2031326,14.4362627,0.62178231,NA,BEJ 18
7-022-000007,Penmac,13.8,49.45,BEJ,4.1,0,1,13.8,51.45,0,NA,0,0,3386.763112,7-022-000007 _ 1,,1700.940328,5.8,9.293026063,4617.288883,1479.446884,14.33994486,0.648051729,NA,BEJ 22
7-022-000007,Penmac,13.8,49.45,BEJ,4.2,120,2,14.96122237,51.07836194,1,non pmac?,0.0208,0,3853.018085,7-022-000007 _ 2,,2243.031414,5.8,9.293026063,4617.288883,1479.446884,14.33994486,0.648051729,0.0208,BEJ 22
7-022-000007,Penmac,13.8,49.45,BEJ,4.3,240,3,15.69089031,50.10156261,0,NA,0,0,4322.556871,7-022-000007 _ 3,,2631.688376,5.8,9.293026063,4617.288883,1479.446884,14.33994486,0.648051729,NA,BEJ 22
7-022-000009,Penmac,16.25,49.95,BEJ,3.1,10,1,15.16195778,48.27185694,0,NA,0,4,4591.505489,7-022-000009 _ 1,,1811.260448,24.5,18.70210214,3291.369303,1612.628805,15.01453059,1.245600189,NA,BEJ 22
7-022-000009,Penmac,16.25,49.95,BEJ,3.2,130,2,14.3897881,49.21541734,1,pmac,0.0098,4,4583.260225,7-022-000009 _ 2,,1708.752962,24.5,18.70210214,3291.369303,1612.628805,15.01453059,1.245600189,0.0098,BEJ 22
7-022-000009,Penmac,16.25,49.95,BEJ,3.3,250,3,14.30894396,50.43197661,41,pmac,0.3628,4,3985.458657,7-022-000009 _ 3,,1959.376181,24.5,18.70210214,3291.369303,1612.628805,15.01453059,1.245600189,0.00884878,BEJ 22
7-028-000001,Penmac,27.6,50.7,BEJ,5.1,15,1,28.90057568,49.18062417,0,NA,0,5,1605.670568,7-028-000001 _ 1,,1089.550868,21.3,17.47369161,1436.149043,1029.080841,13.82145598,1.264243914,NA,BEJ 28
7-028-000001,Penmac,27.6,50.7,BEJ,5.2,135,2,27.77673737,48.70782433,0,NA,0,5,1745.99375,7-028-000001 _ 2,,1239.037945,21.3,17.47369161,1436.149043,1029.080841,13.82145598,1.264243914,NA,BEJ 28
7-028-000001,Penmac,27.6,50.7,BEJ,5.3,255,3,26.58721673,48.97539278,0,NA,0,5,1963.892831,7-028-000001 _ 3,,1498.484051,21.3,17.47369161,1436.149043,1029.080841,13.82145598,1.264243914,NA,BEJ 28
7-028-000006,Penmac,25,51,BEJ,6.1,263,1,23.44110563,52.25293589,0,NA,0,4,1741.846902,7-028-000006 _ 1,,1614.287333,22.7,18.02204867,1251.72379,1090.777941,13.36713351,1.348235855,NA,BEJ 28
7-028-000006,Penmac,25,51,BEJ,6.2,23,2,23.30755919,49.93433396,0,NA,0,4,1715.240515,7-028-000006 _ 2,,1530.950944,22.7,18.02204867,1251.72379,1090.777941,13.36713351,1.348235855,NA,BEJ 28
7-028-000006,Penmac,25,51,BEJ,6.3,143,3,23.00330928,51.11500505,0,NA,0,4,1830.773231,7-028-000006 _ 3,,1686.458713,22.7,18.02204867,1251.72379,1090.777941,13.36713351,1.348235855,NA,BEJ 28
7-032-000002,Penmac,12.1,64.5,BEJ,8.1,75,1,11.32443673,66.34350254,0,NA,0,0,1111.785167,7-032-000002 _ 1,,1065.328027,5.2,8.813273143,1125.896965,1055.314494,14.15825554,0.622482983,NA,BEJ 32
7-032-000002,Penmac,12.1,64.5,BEJ,8.2,195,2,12.53890934,66.4512454,0,NA,0,0,992.6677782,7-032-000002 _ 2,,954.3300288,5.2,8.813273143,1125.896965,1055.314494,14.15825554,0.622482983,NA,BEJ 32
7-032-000002,Penmac,12.1,64.5,BEJ,8.3,315,3,13.59026653,65.8338312,0,NA,0,0,985.7994638,7-032-000002 _ 3,,971.1688222,5.2,8.813273143,1125.896965,1055.314494,14.15825554,0.622482983,NA,BEJ 32
7-032-000003(A),Ingcoc,17.6,69.1,BEJ,7.1,223,1,17.70610697,67.10281666,0,NA,0,1,1153.042939,7-032-000003(A) _ 1,,1102.041037,32.7,21.5154625,1689.317231,1602.508936,12.391246,1.736343746,NA,BEJ 32
7-032-000003(A),Ingcoc,17.6,69.1,BEJ,7.2,343,2,16.52680329,67.41232443,0,NA,0,1,1105.504554,7-032-000003(A) _ 2,,1056.060976,32.7,21.5154625,1689.317231,1602.508936,12.391246,1.736343746,NA,BEJ 32
7-032-000003(A),Ingcoc,17.6,69.1,BEJ,7.3,103,3,18.84597726,67.53553822,0,NA,0,1,1282.385508,7-032-000003(A) _ 3,,1222.067935,32.7,21.5154625,1689.317231,1602.508936,12.391246,1.736343746,NA,BEJ 32
7-033-000004,Penmac,27.6,66.6,BEJ,9.1,122,1,28.59742631,64.86646582,0,NA,0,3,920.0046028,7-033-000004 _ 1,,527.7466592,22.3,17.86719543,1021.080914,493.0504246,13.74165096,1.300221893,NA,BEJ 33
7-033-000004,Penmac,27.6,66.6,BEJ,9.2,242,2,27.40557618,64.60947259,1,pmac,0.0472,3,850.1248657,7-033-000004 _ 2,,509.2657885,22.3,17.86719543,1021.080914,493.0504246,13.74165096,1.300221893,0.0472,BEJ 33
7-033-000004,Penmac,27.6,66.6,BEJ,9.3,2,3,29.41859485,65.76770633,0,NA,0,3,1113.417031,7-033-000004 _ 3,,589.5306565,22.3,17.86719543,1021.080914,493.0504246,13.74165096,1.300221893,NA,BEJ 33
7-033-000006,Penmac,28.4,67.8,BEJ,10.1,94,1,27.90949603,69.73891873,0,NA,0,4,1483.558989,7-033-000006 _ 1,,704.9569987,22.6,17.98346788,1343.609228,526.5782756,13.40893589,1.341155482,NA,BEJ 33
7-033-000006,Penmac,28.4,67.8,BEJ,10.2,214,2,29.1263989,69.66342283,0,NA,0,4,1982.803595,7-033-000006 _ 2,,690.1895053,22.6,17.98346788,1343.609228,526.5782756,13.40893589,1.341155482,NA,BEJ 33
7-033-000006,Penmac,28.4,67.8,BEJ,10.3,334,3,30.0733443,68.89540808,0,NA,0,4,3014.163607,7-033-000006 _ 3,,549.1677978,22.6,17.98346788,1343.609228,526.5782756,13.40893589,1.341155482,NA,BEJ 33
7-042-000002(B),Penmac,18.55,81.55,BEJ,11.1,299,1,17.50684656,79.84359123,2,pmac,0.1276,5,8284.579243,7-042-000002(B) _ 1,,2177.037422,34.6,22.11346231,8294.020247,5915.731137,13.71834781,1.611962506,0.0638,BEJ 42
7-042-000002(B),Penmac,18.55,81.55,BEJ,11.2,59,2,19.82347601,80.00783955,0,NA,0,5,5026.567886,7-042-000002(B) _ 2,,2771.79662,34.6,22.11346231,8294.020247,5915.731137,13.71834781,1.611962506,NA,BEJ 42
7-042-000002(B),Penmac,18.55,81.55,BEJ,11.3,179,3,18.69144433,79.55500789,0,NA,0,5,7521.975306,7-042-000002(B) _ 3,,2436.099246,34.6,22.11346231,8294.020247,5915.731137,13.71834781,1.611962506,NA,BEJ 42
7-043-000006,Penmac,25.1,86.9,BEJ,12.1,260,1,26.46647941,85.43961169,0,NA,0,0,2713.417495,7-043-000006 _ 1,,1722.492786,5.3,8.895138493,2353.037608,1161.898299,14.08283698,0.631629728,NA,BEJ 43
7-043-000006,Penmac,25.1,86.9,BEJ,12.2,20,2,26.9258905,87.71616412,0,NA,0,0,2109.014679,7-043-000006 _ 2,,1058.604643,5.3,8.895138493,2353.037608,1161.898299,14.08283698,0.631629728,NA,BEJ 43
7-043-000006,Penmac,25.1,86.9,BEJ,12.3,140,3,27.06047932,86.50437285,7,pmac,0.8444,0,1829.085424,7-043-000006 _ 3,,1066.397191,5.3,8.895138493,2353.037608,1161.898299,14.08283698,0.631629728,0.120628571,BEJ 43
7-052-000007,Penmac,19.1,100.3,BEJ,13.1,269,1,17.25310624,101.0674526,10,pmac,0.306,0,2826.221862,7-052-000007 _ 1,,2492.98613,9,11.5021366,1514.222374,1193.715298,12.80388661,0.898331651,0.0306,BEJ 52
7-052-000007,Penmac,19.1,100.3,BEJ,13.2,29,2,17.77273223,98.80388494,0,NA,0,0,2010.664395,7-052-000007 _ 2,,1776.395192,9,11.5021366,1514.222374,1193.715298,12.80388661,0.898331651,NA,BEJ 52
7-052-000007,Penmac,19.1,100.3,BEJ,13.3,149,3,17.1507027,99.8525181,0,NA,0,0,3285.069138,7-052-000007 _ 3,,2924.531367,9,11.5021366,1514.222374,1193.715298,12.80388661,0.898331651,NA,BEJ 52
7-052-000008,Penmac,13.8,104.9,BEJ,14.1,225,1,11.93981024,105.6346387,0,NA,0,4,1604.508231,7-052-000008 _ 1,,1182.471874,22.2,17.82825926,1386.841293,1027.991073,12.79879933,1.392963418,NA,BEJ 52
7-052-000008,Penmac,13.8,104.9,BEJ,14.2,345,2,12.71200837,106.5781759,0,NA,0,4,1642.823886,7-052-000008 _ 2,,1215.889901,22.2,17.82825926,1386.841293,1027.991073,12.79879933,1.392963418,NA,BEJ 52
7-052-000008,Penmac,13.8,104.9,BEJ,14.3,105,3,11.85892943,104.4180819,1,pmac,0.0147,4,1708.599488,7-052-000008 _ 3,,1297.635488,22.2,17.82825926,1386.841293,1027.991073,12.79879933,1.392963418,0.0147,BEJ 52
7-059-000009,Penmac,11.6,110.5,BEJ,16.1,174,1,9.727076051,109.7984618,2,pmac,0.0195,3,NA,7-059-000009 _ 1,,NA,30.1,20.66737807,768.2516963,452.8240439,11.8727725,1.740737311,0.00975,BEJ 59
7-059-000009,Penmac,11.6,110.5,BEJ,16.2,294,2,9.667780021,111.0162615,0,NA,0,3,NA,7-059-000009 _ 2,,NA,30.1,20.66737807,768.2516963,452.8240439,11.8727725,1.740737311,NA,BEJ 59
7-059-000009,Penmac,11.6,110.5,BEJ,16.3,54,3,10.4824219,108.8413803,0,NA,0,3,1259.831658,7-059-000009 _ 3,,938.5330625,30.1,20.66737807,768.2516963,452.8240439,11.8727725,1.740737311,NA,BEJ 59
7-059-000012,Penmac,18.5,110.75,BEJ,15.1,15,1,19.80057568,109.2306242,3,non pmac,0.003,2,3985.786852,7-059-000012 _ 1,,737.4574423,18.8,16.44619469,1030.438792,375.6227235,11.29970684,1.455453219,0.001,BEJ 59
7-059-000012,Penmac,18.5,110.75,BEJ,15.2,135,2,18.67673737,108.7578243,0,NA,0,2,1799.204926,7-059-000012 _ 2,,888.6294998,18.8,16.44619469,1030.438792,375.6227235,11.29970684,1.455453219,NA,BEJ 59
7-059-000012,Penmac,18.5,110.75,BEJ,15.3,255,3,17.48721673,109.0253928,1,pmac,0.0417,2,1575.193281,7-059-000012 _ 3,,1024.866827,18.8,16.44619469,1030.438792,375.6227235,11.29970684,1.455453219,0.0417,BEJ 59
7-074-000006,Penmac,36.3,144.5,BEJ,18.1,310,1,38.00177538,143.4493047,0,NA,0,1,2691.158977,7-074-000006 _ 1,,688.887654,7.3,10.39073152,2084.158219,528.9846904,14.24674239,0.729340872,NA,BEJ 74
7-074-000006,Penmac,36.3,144.5,BEJ,18.2,70,2,37.84778136,145.7666384,0,NA,0,1,2525.68586,7-074-000006 _ 2,,507.8387207,7.3,10.39073152,2084.158219,528.9846904,14.24674239,0.729340872,NA,BEJ 74
7-074-000006,Penmac,36.3,144.5,BEJ,18.3,190,3,38.29559856,144.6326137,0,NA,0,1,2463.60647,7-074-000006 _ 3,,563.0580673,7.3,10.39073152,2084.158219,528.9846904,14.24674239,0.729340872,NA,BEJ 74
7-074-000023,Penmac,39.8,149.5,BEJ,17.1,37,1,38.51292373,151.0308281,0,NA,0,1,2621.477921,7-074-000023 _ 1,,119.8861518,13.3,13.90294465,2288.250093,93.69624351,14.27687037,0.973808985,NA,BEJ 74
7-074-000023,Penmac,39.8,149.5,BEJ,17.2,157,2,39.64090291,151.493662,0,NA,0,1,4285.015643,7-074-000023 _ 2,,118.4278662,13.3,13.90294465,2288.250093,93.69624351,14.27687037,0.973808985,NA,BEJ 74
7-074-000023,Penmac,39.8,149.5,BEJ,17.3,277,3,40.82800863,151.2155752,0,NA,0,1,NA,7-074-000023 _ 3,,NA,13.3,13.90294465,2288.250093,93.69624351,14.27687037,0.973808985,NA,BEJ 74
7-092-000009,Penmac,12.45,185.9,BEJ,19.1,60,1,11.84037876,183.995174,0,NA,0,2,2151.440306,7-092-000009 _ 1,,155.4158233,11,12.67888949,1919.386495,145.4684864,13.45704586,0.9421748,NA,BEJ 92
7-092-000009,Penmac,12.45,185.9,BEJ,19.2,180,2,10.84769473,184.7030799,0,NA,0,2,2124.214618,7-092-000009 _ 2,,179.4163785,11,12.67888949,1919.386495,145.4684864,13.45704586,0.9421748,NA,BEJ 92
7-092-000009,Penmac,12.45,185.9,BEJ,19.3,300,3,10.45048832,185.8558068,0,NA,0,2,2102.496978,7-092-000009 _ 3,,226.5134243,11,12.67888949,1919.386495,145.4684864,13.45704586,0.9421748,NA,BEJ 92
7-093-000003,Penmac,23.05,180.8,BEJ,20.1,95,1,24.41652343,182.2603471,1,pmac,0.017,2,1608.432461,7-093-000003 _ 1,,61.76729602,10.3,12.28062291,1473.91013,10.26096099,11.97132687,1.025836404,0.017,BEJ 93
7-093-000003,Penmac,23.05,180.8,BEJ,20.2,215,2,25.01049124,181.1955681,0,NA,0,2,1245.784082,7-093-000003 _ 2,,61.02402702,10.3,12.28062291,1473.91013,10.26096099,11.97132687,1.025836404,NA,BEJ 93
7-093-000003,Penmac,23.05,180.8,BEJ,20.3,335,3,24.8758659,179.9837808,0,NA,0,2,1403.574674,7-093-000003 _ 3,,60.87572028,10.3,12.28062291,1473.91013,10.26096099,11.97132687,1.025836404,NA,BEJ 93
